[
  {
    "id": 1,
    "name": "Apple",
    "category": "Fruit",
    "priceCents": 1600,
    "logo": "./apple.webp",
    "imageColor": "F00",
    "description": "Lorem ipsum dolor sit amet consectetur adipisicing elit. Exercitationem iure eum facere minima, dolores repudiandae quo animi earum."
  },
  {
    "id": 2,
    "name": "Banana",
    "category": "Fruit",
    "priceCents": 2100,
    "logo": "./banana.jfif",
    "imageColor": "FF0",
    "description": "Lorem ipsum dolor sit amet consectetur adipisicing elit. Exercitationem iure eum facere minima, dolores repudiandae quo animi earum."
  },
  {
    "id": 3,
    "name": "Grapes",
    "category": "Fruit",
    "priceCents": 1200,
    "logo": "./grapes.jpg",
    "imageColor": "00F",
    "description": "Lorem ipsum dolor sit amet consectetur adipisicing elit. Exercitationem iure eum facere minima, dolores repudiandae quo animi earum."
  },
  {
    "id": 4,
    "name": "Cucumber",
    "category": "Vegetable",
    "priceCents": 1800,
    "logo": "./cucumber.webp",
    "imageColor": "F60",
    "description": "Lorem ipsum dolor sit amet consectetur adipisicing elit. Exercitationem iure eum facere minima, dolores repudiandae quo animi earum."
  },
  {
    "id": 5,
    "name": "Potato",
    "category": "Vegetable",
    "priceCents": 1600,
    "logo": "./potato.jfif",
    "imageColor": "0F0",
    "description": "Lorem ipsum dolor sit amet consectetur adipisicing elit. Exercitationem iure eum facere minima, dolores repudiandae quo animi earum."
  },
  {
    "id": 6,
    "name": "Tomato",
    "category": "Vegetable",
    "priceCents": 2100,
    "logo": "./tomato.jfif",
    "imageColor": "60F",
    "description": "Lorem ipsum dolor sit amet consectetur adipisicing elit. Exercitationem iure eum facere minima, dolores repudiandae quo animi earum."
  },
  {
    "id": 7,
    "name": "Alphonso Mango",
    "category": "Fruit",
    "priceCents": 1200,
    "logo": "./alsponso Mango.jpg",
    "imageColor": "AAA",
    "description": "Lorem ipsum dolor sit amet consectetur adipisicing elit. Exercitationem iure eum facere minima, dolores repudiandae quo animi earum."
  },
  {
    "id": 8,
    "name": "Amrapali Mango",
    "category": "Fruit",
    "priceCents": 1200,
    "logo": "./Amrapali Mango.jpg",
    "imageColor": "AAA",
    "description": "Lorem ipsum dolor sit amet consectetur adipisicing elit. Exercitationem iure eum facere minima, dolores repudiandae quo animi earum."
  },
  {
    "id": 9,
    "name": "Chocolate",
    "category": "Snacks",
    "priceCents": 1600,
    "logo": "./chocolate.jpeg",
    "imageColor": "333",
    "description": "Lorem ipsum dolor sit amet consectetur adipisicing elit. Exercitationem iure eum facere minima, dolores repudiandae quo animi earum."
  }
]